<?xml version="1.0" encoding="UTF-8" standalone="yes"?>
<addon id="plugin.audio.anonopsradio" name="AnonOps Radio Streams" version="1.5.0" provider-name="Anonops, BOFH, Based_Skid">
  <requires>
    <import addon="xbmc.python" version="2.1.0"/>
	<import addon="script.module.t0mm0.common" version="2.0.0"/>
    <import addon="script.module.beautifulsoup" version="3.2.1"/>
    <import addon="script.module.simple.downloader" version="0.9.4"/>
    <import addon="script.module.beautifulsoup4" />
    <import addon="script.module.simple.downloader" version="0.9.4"/>
    <import addon="script.module.requests" />
    <import addon="script.module.httplib2" />
    <import addon="script.module.youtube.dl" optional="true"/>
    <import addon="plugin.video.youtube" version="3.0.0"/>
    <import addon="script.module.urlresolver" optional="true"/>
    <import addon="script.module.simplejson" /> 
    <import addon="script.common.plugin.cache" version="2.5.2"/>
    <import addon="script.module.metahandler" version="2.5.1"/>
  </requires>
  <extension point="xbmc.python.pluginsource" library="default.py">
    <provides>audio</provides>
  </extension>
    <extension point="xbmc.addon.repository" name="AnonOps Radio Repo">
	<info compressed="false">https://raw.githubusercontent.com/Based-Skid/plugin.audio.anonopsradio/master/zips/addons.xml</info>
	<checksum>https://raw.githubusercontent.com/Based-Skid/plugin.audio.anonopsradio/master/zips/addons.xml.md5</checksum>
	<datadir zip="true">https://github.com/Based-Skid/plugin.audio.anonopsradio/raw/master/zips/</datadir>
</extension>
  <extension point="xbmc.addon.metadata">
    <summary lang="en">AnonOps Radio</summary>
    <description lang="en">An Unoffical Kodi Addon for playing Radio AnonOps streams.</description>
    <disclaimer lang="en"></disclaimer>
    <language></language>
    <platform>all</platform>
    <license></license>
    <forum></forum>
    <website>https://radio.anonops.com/</website>
    <email></email>
    <source></source>
  </extension>
</addon>

